"filename", "language", "C++", "JSON", "Markdown", "Dart", "YAML", "Swift", "HTML", "XML", "Gradle", "Java Properties", "comment", "blank", "total"
"d:\For Studing\Flutter\helping_hands\README.md", "Markdown", 0, 0, 10, 0, 0, 0, 0, 0, 0, 0, 0, 7, 17
"d:\For Studing\Flutter\helping_hands\analysis_options.yaml", "YAML", 0, 0, 0, 0, 3, 0, 0, 0, 0, 0, 22, 4, 29
"d:\For Studing\Flutter\helping_hands\android\app\build.gradle", "Gradle", 0, 0, 0, 0, 0, 0, 0, 0, 52, 0, 5, 11, 68
"d:\For Studing\Flutter\helping_hands\android\app\google-services.json", "JSON", 0, 39, 0, 0, 0, 0, 0, 0, 0, 0, 0, 0, 39
"d:\For Studing\Flutter\helping_hands\android\app\src\debug\AndroidManifest.xml", "XML", 0, 0, 0, 0, 0, 0, 0, 3, 0, 0, 4, 1, 8
"d:\For Studing\Flutter\helping_hands\android\app\src\main\AndroidManifest.xml", "XML", 0, 0, 0, 0, 0, 0, 0, 46, 0, 0, 6, 6, 58
"d:\For Studing\Flutter\helping_hands\android\app\src\main\res\drawable-v21\launch_background.xml", "XML", 0, 0, 0, 0, 0, 0, 0, 4, 0, 0, 7, 2, 13
"d:\For Studing\Flutter\helping_hands\android\app\src\main\res\drawable\launch_background.xml", "XML", 0, 0, 0, 0, 0, 0, 0, 4, 0, 0, 7, 2, 13
"d:\For Studing\Flutter\helping_hands\android\app\src\main\res\values-night\styles.xml", "XML", 0, 0, 0, 0, 0, 0, 0, 9, 0, 0, 9, 1, 19
"d:\For Studing\Flutter\helping_hands\android\app\src\main\res\values\strings.xml", "XML", 0, 0, 0, 0, 0, 0, 0, 6, 0, 0, 0, 1, 7
"d:\For Studing\Flutter\helping_hands\android\app\src\main\res\values\styles.xml", "XML", 0, 0, 0, 0, 0, 0, 0, 9, 0, 0, 9, 1, 19
"d:\For Studing\Flutter\helping_hands\android\app\src\profile\AndroidManifest.xml", "XML", 0, 0, 0, 0, 0, 0, 0, 3, 0, 0, 4, 1, 8
"d:\For Studing\Flutter\helping_hands\android\build.gradle", "Gradle", 0, 0, 0, 0, 0, 0, 0, 0, 27, 0, 0, 7, 34
"d:\For Studing\Flutter\helping_hands\android\gradle.properties", "Java Properties", 0, 0, 0, 0, 0, 0, 0, 0, 0, 3, 0, 1, 4
"d:\For Studing\Flutter\helping_hands\android\gradle\wrapper\gradle-wrapper.properties", "Java Properties", 0, 0, 0, 0, 0, 0, 0, 0, 0, 5, 0, 1, 6
"d:\For Studing\Flutter\helping_hands\android\settings.gradle", "Gradle", 0, 0, 0, 0, 0, 0, 0, 0, 16, 0, 0, 5, 21
"d:\For Studing\Flutter\helping_hands\devtools_options.yaml", "YAML", 0, 0, 0, 0, 1, 0, 0, 0, 0, 0, 0, 1, 2
"d:\For Studing\Flutter\helping_hands\ios\RunnerTests\RunnerTests.swift", "Swift", 0, 0, 0, 0, 0, 7, 0, 0, 0, 0, 2, 4, 13
"d:\For Studing\Flutter\helping_hands\ios\Runner\AppDelegate.swift", "Swift", 0, 0, 0, 0, 0, 12, 0, 0, 0, 0, 0, 2, 14
"d:\For Studing\Flutter\helping_hands\ios\Runner\Assets.xcassets\AppIcon.appiconset\Contents.json", "JSON", 0, 122, 0, 0, 0, 0, 0, 0, 0, 0, 0, 1, 123
"d:\For Studing\Flutter\helping_hands\ios\Runner\Assets.xcassets\LaunchImage.imageset\Contents.json", "JSON", 0, 23, 0, 0, 0, 0, 0, 0, 0, 0, 0, 1, 24
"d:\For Studing\Flutter\helping_hands\ios\Runner\Assets.xcassets\LaunchImage.imageset\README.md", "Markdown", 0, 0, 3, 0, 0, 0, 0, 0, 0, 0, 0, 2, 5
"d:\For Studing\Flutter\helping_hands\ios\Runner\Base.lproj\LaunchScreen.storyboard", "XML", 0, 0, 0, 0, 0, 0, 0, 36, 0, 0, 1, 1, 38
"d:\For Studing\Flutter\helping_hands\ios\Runner\Base.lproj\Main.storyboard", "XML", 0, 0, 0, 0, 0, 0, 0, 25, 0, 0, 1, 1, 27
"d:\For Studing\Flutter\helping_hands\ios\Runner\Runner-Bridging-Header.h", "C++", 1, 0, 0, 0, 0, 0, 0, 0, 0, 0, 0, 1, 2
"d:\For Studing\Flutter\helping_hands\ios\firebase_app_id_file.json", "JSON", 0, 7, 0, 0, 0, 0, 0, 0, 0, 0, 0, 0, 7
"d:\For Studing\Flutter\helping_hands\lib\Features\Home\data\home_impl.dart", "Dart", 0, 0, 0, 63, 0, 0, 0, 0, 0, 0, 2, 9, 74
"d:\For Studing\Flutter\helping_hands\lib\Features\Home\presentation\home.dart", "Dart", 0, 0, 0, 72, 0, 0, 0, 0, 0, 0, 1, 4, 77
"d:\For Studing\Flutter\helping_hands\lib\Features\Home\presentation\home_screen.dart", "Dart", 0, 0, 0, 16, 0, 0, 0, 0, 0, 0, 0, 4, 20
"d:\For Studing\Flutter\helping_hands\lib\Features\Home\presentation\manager\home_list\home_list_cubit.dart", "Dart", 0, 0, 0, 19, 0, 0, 0, 0, 0, 0, 0, 4, 23
"d:\For Studing\Flutter\helping_hands\lib\Features\Home\presentation\manager\home_list\home_list_state.dart", "Dart", 0, 0, 0, 13, 0, 0, 0, 0, 0, 0, 0, 6, 19
"d:\For Studing\Flutter\helping_hands\lib\Features\Home\presentation\manager\navigation_bar\navigation_bar_cubit.dart", "Dart", 0, 0, 0, 18, 0, 0, 0, 0, 0, 0, 0, 6, 24
"d:\For Studing\Flutter\helping_hands\lib\Features\Home\presentation\manager\navigation_bar\navigation_bar_state.dart", "Dart", 0, 0, 0, 8, 0, 0, 0, 0, 0, 0, 1, 4, 13
"d:\For Studing\Flutter\helping_hands\lib\Features\Home\presentation\widgets\accidant_location.dart", "Dart", 0, 0, 0, 24, 0, 0, 0, 0, 0, 0, 0, 3, 27
"d:\For Studing\Flutter\helping_hands\lib\Features\Home\presentation\widgets\app_bar_title.dart", "Dart", 0, 0, 0, 52, 0, 0, 0, 0, 0, 0, 0, 5, 57
"d:\For Studing\Flutter\helping_hands\lib\Features\Home\presentation\widgets\bar.dart", "Dart", 0, 0, 0, 19, 0, 0, 0, 0, 0, 0, 0, 3, 22
"d:\For Studing\Flutter\helping_hands\lib\Features\Home\presentation\widgets\distance_widget.dart", "Dart", 0, 0, 0, 70, 0, 0, 0, 0, 0, 0, 0, 3, 73
"d:\For Studing\Flutter\helping_hands\lib\Features\Home\presentation\widgets\floating_button.dart", "Dart", 0, 0, 0, 20, 0, 0, 0, 0, 0, 0, 0, 3, 23
"d:\For Studing\Flutter\helping_hands\lib\Features\Home\presentation\widgets\home_body.dart", "Dart", 0, 0, 0, 64, 0, 0, 0, 0, 0, 0, 0, 2, 66
"d:\For Studing\Flutter\helping_hands\lib\Features\Home\presentation\widgets\home_list.dart", "Dart", 0, 0, 0, 13, 0, 0, 0, 0, 0, 0, 0, 2, 15
"d:\For Studing\Flutter\helping_hands\lib\Features\Home\presentation\widgets\post_image.dart", "Dart", 0, 0, 0, 23, 0, 0, 0, 0, 0, 0, 0, 4, 27
"d:\For Studing\Flutter\helping_hands\lib\Features\Home\presentation\widgets\report_model.dart", "Dart", 0, 0, 0, 37, 0, 0, 0, 0, 0, 0, 0, 2, 39
"d:\For Studing\Flutter\helping_hands\lib\Features\Home\presentation\widgets\time_ago.dart", "Dart", 0, 0, 0, 45, 0, 0, 0, 0, 0, 0, 0, 4, 49
"d:\For Studing\Flutter\helping_hands\lib\Features\Home\presentation\widgets\to_locations_list.dart", "Dart", 0, 0, 0, 22, 0, 0, 0, 0, 0, 0, 0, 3, 25
"d:\For Studing\Flutter\helping_hands\lib\Features\Home\presentation\widgets\user_info_row.dart", "Dart", 0, 0, 0, 51, 0, 0, 0, 0, 0, 0, 0, 2, 53
"d:\For Studing\Flutter\helping_hands\lib\Features\PostReport\data\post_report_imp.dart", "Dart", 0, 0, 0, 84, 0, 0, 0, 0, 0, 0, 2, 16, 102
"d:\For Studing\Flutter\helping_hands\lib\Features\PostReport\presentation\manager\post_report\post_report_cubit.dart", "Dart", 0, 0, 0, 50, 0, 0, 0, 0, 0, 0, 0, 7, 57
"d:\For Studing\Flutter\helping_hands\lib\Features\PostReport\presentation\manager\post_report\post_report_state.dart", "Dart", 0, 0, 0, 23, 0, 0, 0, 0, 0, 0, 0, 10, 33
"d:\For Studing\Flutter\helping_hands\lib\Features\PostReport\presentation\post_report.dart", "Dart", 0, 0, 0, 18, 0, 0, 0, 0, 0, 0, 0, 3, 21
"d:\For Studing\Flutter\helping_hands\lib\Features\PostReport\presentation\widgets\capture_image.dart", "Dart", 0, 0, 0, 70, 0, 0, 0, 0, 0, 0, 0, 3, 73
"d:\For Studing\Flutter\helping_hands\lib\Features\PostReport\presentation\widgets\post_button.dart", "Dart", 0, 0, 0, 48, 0, 0, 0, 0, 0, 0, 0, 3, 51
"d:\For Studing\Flutter\helping_hands\lib\Features\PostReport\presentation\widgets\post_report_body.dart", "Dart", 0, 0, 0, 17, 0, 0, 0, 0, 0, 0, 0, 4, 21
"d:\For Studing\Flutter\helping_hands\lib\Features\PostReport\presentation\widgets\radio_form.dart", "Dart", 0, 0, 0, 56, 0, 0, 0, 0, 0, 0, 0, 3, 59
"d:\For Studing\Flutter\helping_hands\lib\Features\Profile\Presentation\Profile.dart", "Dart", 0, 0, 0, 24, 0, 0, 0, 0, 0, 0, 1, 2, 27
"d:\For Studing\Flutter\helping_hands\lib\Features\Profile\Presentation\manager\Profile_info\UserBotton\user_botton_cubit.dart", "Dart", 0, 0, 0, 37, 0, 0, 0, 0, 0, 0, 8, 15, 60
"d:\For Studing\Flutter\helping_hands\lib\Features\Profile\Presentation\manager\Profile_info\UserBotton\user_botton_state.dart", "Dart", 0, 0, 0, 28, 0, 0, 0, 0, 0, 0, 7, 14, 49
"d:\For Studing\Flutter\helping_hands\lib\Features\Profile\Presentation\manager\Profile_info\UserField\user_field_cubit.dart", "Dart", 0, 0, 0, 233, 0, 0, 0, 0, 0, 0, 10, 45, 288
"d:\For Studing\Flutter\helping_hands\lib\Features\Profile\Presentation\manager\Profile_info\UserField\user_field_state.dart", "Dart", 0, 0, 0, 87, 0, 0, 0, 0, 0, 0, 8, 47, 142
"d:\For Studing\Flutter\helping_hands\lib\Features\Profile\Presentation\manager\emaergancy_contacts\contacts\contacts_cubit.dart", "Dart", 0, 0, 0, 19, 0, 0, 0, 0, 0, 0, 0, 4, 23
"d:\For Studing\Flutter\helping_hands\lib\Features\Profile\Presentation\manager\emaergancy_contacts\contacts\contacts_state.dart", "Dart", 0, 0, 0, 13, 0, 0, 0, 0, 0, 0, 1, 6, 20
"d:\For Studing\Flutter\helping_hands\lib\Features\Profile\Presentation\manager\emaergancy_contacts\search\search_cubit.dart", "Dart", 0, 0, 0, 17, 0, 0, 0, 0, 0, 0, 0, 4, 21
"d:\For Studing\Flutter\helping_hands\lib\Features\Profile\Presentation\manager\emaergancy_contacts\search\search_state.dart", "Dart", 0, 0, 0, 13, 0, 0, 0, 0, 0, 0, 1, 6, 20
"d:\For Studing\Flutter\helping_hands\lib\Features\Profile\Presentation\profile_Contact.dart", "Dart", 0, 0, 0, 26, 0, 0, 0, 0, 0, 0, 0, 4, 30
"d:\For Studing\Flutter\helping_hands\lib\Features\Profile\Presentation\profile_information.dart", "Dart", 0, 0, 0, 22, 0, 0, 0, 0, 0, 0, 0, 3, 25
"d:\For Studing\Flutter\helping_hands\lib\Features\Profile\Presentation\userContact.dart", "Dart", 0, 0, 0, 22, 0, 0, 0, 0, 0, 0, 1, 2, 25
"d:\For Studing\Flutter\helping_hands\lib\Features\Profile\Presentation\widgets\Avatar.dart", "Dart", 0, 0, 0, 30, 0, 0, 0, 0, 0, 0, 1, 3, 34
"d:\For Studing\Flutter\helping_hands\lib\Features\Profile\Presentation\widgets\Logout.dart", "Dart", 0, 0, 0, 36, 0, 0, 0, 0, 0, 0, 0, 4, 40
"d:\For Studing\Flutter\helping_hands\lib\Features\Profile\Presentation\widgets\avatar_image.dart", "Dart", 0, 0, 0, 52, 0, 0, 0, 0, 0, 0, 0, 2, 54
"d:\For Studing\Flutter\helping_hands\lib\Features\Profile\Presentation\widgets\chose_language.dart", "Dart", 0, 0, 0, 12, 0, 0, 0, 0, 0, 0, 1, 2, 15
"d:\For Studing\Flutter\helping_hands\lib\Features\Profile\Presentation\widgets\chose_language_body.dart", "Dart", 0, 0, 0, 36, 0, 0, 0, 0, 0, 0, 0, 4, 40
"d:\For Studing\Flutter\helping_hands\lib\Features\Profile\Presentation\widgets\eContacts_row.dart", "Dart", 0, 0, 0, 32, 0, 0, 0, 0, 0, 0, 0, 3, 35
"d:\For Studing\Flutter\helping_hands\lib\Features\Profile\Presentation\widgets\edit_profile_information_row.dart", "Dart", 0, 0, 0, 35, 0, 0, 0, 0, 0, 0, 1, 3, 39
"d:\For Studing\Flutter\helping_hands\lib\Features\Profile\Presentation\widgets\first_container.dart", "Dart", 0, 0, 0, 40, 0, 0, 0, 0, 0, 0, 0, 3, 43
"d:\For Studing\Flutter\helping_hands\lib\Features\Profile\Presentation\widgets\language_row.dart", "Dart", 0, 0, 0, 50, 0, 0, 0, 0, 0, 0, 0, 3, 53
"d:\For Studing\Flutter\helping_hands\lib\Features\Profile\Presentation\widgets\notifications_row.dart", "Dart", 0, 0, 0, 28, 0, 0, 0, 0, 0, 0, 0, 3, 31
"d:\For Studing\Flutter\helping_hands\lib\Features\Profile\Presentation\widgets\profile_body.dart", "Dart", 0, 0, 0, 23, 0, 0, 0, 0, 0, 0, 1, 4, 28
"d:\For Studing\Flutter\helping_hands\lib\Features\Profile\Presentation\widgets\radio_box.dart", "Dart", 0, 0, 0, 46, 0, 0, 0, 0, 0, 0, 1, 2, 49
"d:\For Studing\Flutter\helping_hands\lib\Features\Profile\Presentation\widgets\second_container.dart", "Dart", 0, 0, 0, 43, 0, 0, 0, 0, 0, 0, 0, 4, 47
"d:\For Studing\Flutter\helping_hands\lib\Features\Profile\Presentation\widgets\security_row.dart", "Dart", 0, 0, 0, 26, 0, 0, 0, 0, 0, 0, 0, 3, 29
"d:\For Studing\Flutter\helping_hands\lib\Features\Profile\Presentation\widgets\theme_row.dart", "Dart", 0, 0, 0, 53, 0, 0, 0, 0, 0, 0, 3, 3, 59
"d:\For Studing\Flutter\helping_hands\lib\Features\Profile\Presentation\widgets\toggle.dart", "Dart", 0, 0, 0, 30, 0, 0, 0, 0, 0, 0, 0, 4, 34
"d:\For Studing\Flutter\helping_hands\lib\Features\Profile\Presentation\widgets\upper_section.dart", "Dart", 0, 0, 0, 39, 0, 0, 0, 0, 0, 0, 1, 3, 43
"d:\For Studing\Flutter\helping_hands\lib\Features\Profile\Presentation\widgets_Contacts\Item_widget.dart", "Dart", 0, 0, 0, 45, 0, 0, 0, 0, 0, 0, 1, 3, 49
"d:\For Studing\Flutter\helping_hands\lib\Features\Profile\Presentation\widgets_Contacts\Profile_contact_body.dart", "Dart", 0, 0, 0, 48, 0, 0, 0, 0, 0, 0, 1, 3, 52
"d:\For Studing\Flutter\helping_hands\lib\Features\Profile\Presentation\widgets_Contacts\Search_users.dart", "Dart", 0, 0, 0, 41, 0, 0, 0, 0, 0, 0, 1, 2, 44
"d:\For Studing\Flutter\helping_hands\lib\Features\Profile\Presentation\widgets_Contacts\User_Contact_body.dart", "Dart", 0, 0, 0, 19, 0, 0, 0, 0, 0, 0, 1, 2, 22
"d:\For Studing\Flutter\helping_hands\lib\Features\Profile\Presentation\widgets_Contacts\add_user_contacts.dart", "Dart", 0, 0, 0, 34, 0, 0, 0, 0, 0, 0, 1, 2, 37
"d:\For Studing\Flutter\helping_hands\lib\Features\Profile\Presentation\widgets_Contacts\contact_profile_info.dart", "Dart", 0, 0, 0, 63, 0, 0, 0, 0, 0, 0, 0, 4, 67
"d:\For Studing\Flutter\helping_hands\lib\Features\Profile\Presentation\widgets_Contacts\contact_profile_photo.dart", "Dart", 0, 0, 0, 28, 0, 0, 0, 0, 0, 0, 0, 4, 32
"d:\For Studing\Flutter\helping_hands\lib\Features\Profile\Presentation\widgets_Contacts\floating_botton.dart", "Dart", 0, 0, 0, 23, 0, 0, 0, 0, 0, 0, 0, 3, 26
"d:\For Studing\Flutter\helping_hands\lib\Features\Profile\Presentation\widgets_Contacts\search_dialog.dart", "Dart", 0, 0, 0, 25, 0, 0, 0, 0, 0, 0, 0, 3, 28
"d:\For Studing\Flutter\helping_hands\lib\Features\Profile\Presentation\widgets_Contacts\search_field.dart", "Dart", 0, 0, 0, 19, 0, 0, 0, 0, 0, 0, 0, 3, 22
"d:\For Studing\Flutter\helping_hands\lib\Features\Profile\Presentation\widgets_Contacts\search_model.dart", "Dart", 0, 0, 0, 48, 0, 0, 0, 0, 0, 0, 1, 3, 52
"d:\For Studing\Flutter\helping_hands\lib\Features\Profile\Presentation\widgets_information\ChronicDiseases_update_button.dart", "Dart", 0, 0, 0, 32, 0, 0, 0, 0, 0, 0, 2, 6, 40
"d:\For Studing\Flutter\helping_hands\lib\Features\Profile\Presentation\widgets_information\Chronic_Diseases_field.dart", "Dart", 0, 0, 0, 107, 0, 0, 0, 0, 0, 0, 2, 9, 118
"d:\For Studing\Flutter\helping_hands\lib\Features\Profile\Presentation\widgets_information\EmailText.dart", "Dart", 0, 0, 0, 22, 0, 0, 0, 0, 0, 0, 0, 4, 26
"d:\For Studing\Flutter\helping_hands\lib\Features\Profile\Presentation\widgets_information\FactoryNumber_field.dart", "Dart", 0, 0, 0, 104, 0, 0, 0, 0, 0, 0, 2, 10, 116
"d:\For Studing\Flutter\helping_hands\lib\Features\Profile\Presentation\widgets_information\FactoryNumber_update_botton.dart", "Dart", 0, 0, 0, 31, 0, 0, 0, 0, 0, 0, 2, 6, 39
"d:\For Studing\Flutter\helping_hands\lib\Features\Profile\Presentation\widgets_information\NationalId_field.dart", "Dart", 0, 0, 0, 104, 0, 0, 0, 0, 0, 0, 2, 10, 116
"d:\For Studing\Flutter\helping_hands\lib\Features\Profile\Presentation\widgets_information\NationalId_update_botton.dart", "Dart", 0, 0, 0, 31, 0, 0, 0, 0, 0, 0, 2, 6, 39
"d:\For Studing\Flutter\helping_hands\lib\Features\Profile\Presentation\widgets_information\address_field.dart", "Dart", 0, 0, 0, 100, 0, 0, 0, 0, 0, 0, 2, 10, 112
"d:\For Studing\Flutter\helping_hands\lib\Features\Profile\Presentation\widgets_information\address_update_botton.dart", "Dart", 0, 0, 0, 31, 0, 0, 0, 0, 0, 0, 2, 6, 39
"d:\For Studing\Flutter\helping_hands\lib\Features\Profile\Presentation\widgets_information\blood_type.dart", "Dart", 0, 0, 0, 64, 0, 0, 0, 0, 0, 0, 2, 3, 69
"d:\For Studing\Flutter\helping_hands\lib\Features\Profile\Presentation\widgets_information\first_container_info.dart", "Dart", 0, 0, 0, 43, 0, 0, 0, 0, 0, 0, 1, 2, 46
"d:\For Studing\Flutter\helping_hands\lib\Features\Profile\Presentation\widgets_information\nick_name_field.dart", "Dart", 0, 0, 0, 102, 0, 0, 0, 0, 0, 0, 2, 9, 113
"d:\For Studing\Flutter\helping_hands\lib\Features\Profile\Presentation\widgets_information\nickname_update_botton.dart", "Dart", 0, 0, 0, 30, 0, 0, 0, 0, 0, 0, 2, 6, 38
"d:\For Studing\Flutter\helping_hands\lib\Features\Profile\Presentation\widgets_information\profile_info_body.dart", "Dart", 0, 0, 0, 18, 0, 0, 0, 0, 0, 0, 0, 3, 21
"d:\For Studing\Flutter\helping_hands\lib\Features\Profile\Presentation\widgets_information\second_container_info.dart", "Dart", 0, 0, 0, 41, 0, 0, 0, 0, 0, 0, 1, 3, 45
"d:\For Studing\Flutter\helping_hands\lib\Features\Profile\Presentation\widgets_information\title_first_contain_info copy.dart", "Dart", 0, 0, 0, 19, 0, 0, 0, 0, 0, 0, 1, 2, 22
"d:\For Studing\Flutter\helping_hands\lib\Features\Profile\Presentation\widgets_information\username_field.dart", "Dart", 0, 0, 0, 100, 0, 0, 0, 0, 0, 0, 2, 10, 112
"d:\For Studing\Flutter\helping_hands\lib\Features\Profile\Presentation\widgets_information\username_update_button.dart", "Dart", 0, 0, 0, 43, 0, 0, 0, 0, 0, 0, 2, 6, 51
"d:\For Studing\Flutter\helping_hands\lib\Features\Profile\data\profileImpl.dart", "Dart", 0, 0, 0, 200, 0, 0, 0, 0, 0, 0, 44, 44, 288
"d:\For Studing\Flutter\helping_hands\lib\Features\Splash\SplashView.dart", "Dart", 0, 0, 0, 12, 0, 0, 0, 0, 0, 0, 0, 3, 15
"d:\For Studing\Flutter\helping_hands\lib\Features\Splash\widgets\animatingButton.dart", "Dart", 0, 0, 0, 76, 0, 0, 0, 0, 0, 0, 0, 4, 80
"d:\For Studing\Flutter\helping_hands\lib\Features\Splash\widgets\animatingLogo.dart", "Dart", 0, 0, 0, 26, 0, 0, 0, 0, 0, 0, 0, 3, 29
"d:\For Studing\Flutter\helping_hands\lib\Features\Splash\widgets\animatingText.dart", "Dart", 0, 0, 0, 27, 0, 0, 0, 0, 0, 0, 0, 4, 31
"d:\For Studing\Flutter\helping_hands\lib\Features\Splash\widgets\splashViewBody.dart", "Dart", 0, 0, 0, 81, 0, 0, 0, 0, 0, 0, 6, 9, 96
"d:\For Studing\Flutter\helping_hands\lib\Features\auth\presentation\LoginScreen.dart", "Dart", 0, 0, 0, 61, 0, 0, 0, 0, 0, 0, 2, 8, 71
"d:\For Studing\Flutter\helping_hands\lib\Features\auth\presentation\RegisterScreen.dart", "Dart", 0, 0, 0, 41, 0, 0, 0, 0, 0, 0, 1, 3, 45
"d:\For Studing\Flutter\helping_hands\lib\Features\auth\presentation\forget_password.dart", "Dart", 0, 0, 0, 44, 0, 0, 0, 0, 0, 0, 0, 4, 48
"d:\For Studing\Flutter\helping_hands\lib\Features\auth\presentation\manager\authCubit.dart", "Dart", 0, 0, 0, 76, 0, 0, 0, 0, 0, 0, 6, 14, 96
"d:\For Studing\Flutter\helping_hands\lib\Features\auth\presentation\manager\authStates.dart", "Dart", 0, 0, 0, 18, 0, 0, 0, 0, 0, 0, 0, 10, 28
"d:\For Studing\Flutter\helping_hands\lib\Features\auth\presentation\manager\forget_password\forget_passowrd_cubit.dart", "Dart", 0, 0, 0, 26, 0, 0, 0, 0, 0, 0, 0, 6, 32
"d:\For Studing\Flutter\helping_hands\lib\Features\auth\presentation\manager\forget_password\forget_passowrd_state.dart", "Dart", 0, 0, 0, 8, 0, 0, 0, 0, 0, 0, 0, 5, 13
"d:\For Studing\Flutter\helping_hands\lib\Features\auth\presentation\widgets\ChatBubbleSend.dart", "Dart", 0, 0, 0, 61, 0, 0, 0, 0, 0, 0, 1, 4, 66
"d:\For Studing\Flutter\helping_hands\lib\Features\auth\presentation\widgets\Divider_text.dart", "Dart", 0, 0, 0, 27, 0, 0, 0, 0, 0, 0, 0, 3, 30
"d:\For Studing\Flutter\helping_hands\lib\Features\auth\presentation\widgets\Forget_password_button.dart", "Dart", 0, 0, 0, 27, 0, 0, 0, 0, 0, 0, 0, 2, 29
"d:\For Studing\Flutter\helping_hands\lib\Features\auth\presentation\widgets\GoogleButton.dart", "Dart", 0, 0, 0, 29, 0, 0, 0, 0, 0, 0, 1, 3, 33
"d:\For Studing\Flutter\helping_hands\lib\Features\auth\presentation\widgets\Login_column.dart", "Dart", 0, 0, 0, 46, 0, 0, 0, 0, 0, 0, 1, 3, 50
"d:\For Studing\Flutter\helping_hands\lib\Features\auth\presentation\widgets\Logo.dart", "Dart", 0, 0, 0, 17, 0, 0, 0, 0, 0, 0, 1, 4, 22
"d:\For Studing\Flutter\helping_hands\lib\Features\auth\presentation\widgets\Password_field1_register.dart", "Dart", 0, 0, 0, 65, 0, 0, 0, 0, 0, 0, 2, 14, 81
"d:\For Studing\Flutter\helping_hands\lib\Features\auth\presentation\widgets\Password_field2_register.dart", "Dart", 0, 0, 0, 65, 0, 0, 0, 0, 0, 0, 2, 14, 81
"d:\For Studing\Flutter\helping_hands\lib\Features\auth\presentation\widgets\Password_field_login.dart", "Dart", 0, 0, 0, 48, 0, 0, 0, 0, 0, 0, 1, 9, 58
"d:\For Studing\Flutter\helping_hands\lib\Features\auth\presentation\widgets\RegisterBody.dart", "Dart", 0, 0, 0, 21, 0, 0, 0, 0, 0, 0, 0, 3, 24
"d:\For Studing\Flutter\helping_hands\lib\Features\auth\presentation\widgets\Register_form.dart", "Dart", 0, 0, 0, 76, 0, 0, 0, 0, 0, 0, 2, 6, 84
"d:\For Studing\Flutter\helping_hands\lib\Features\auth\presentation\widgets\Sign_in_form.dart", "Dart", 0, 0, 0, 64, 0, 0, 0, 0, 0, 0, 2, 7, 73
"d:\For Studing\Flutter\helping_hands\lib\Features\auth\presentation\widgets\Social_Auth.dart", "Dart", 0, 0, 0, 28, 0, 0, 0, 0, 0, 0, 0, 3, 31
"d:\For Studing\Flutter\helping_hands\lib\Features\auth\presentation\widgets\animated_button.dart", "Dart", 0, 0, 0, 59, 0, 0, 0, 0, 0, 0, 3, 5, 67
"d:\For Studing\Flutter\helping_hands\lib\Features\auth\presentation\widgets\appName.dart", "Dart", 0, 0, 0, 18, 0, 0, 0, 0, 0, 0, 0, 3, 21
"d:\For Studing\Flutter\helping_hands\lib\Features\auth\presentation\widgets\black_logo.dart", "Dart", 0, 0, 0, 51, 0, 0, 0, 0, 0, 0, 1, 4, 56
"d:\For Studing\Flutter\helping_hands\lib\Features\auth\presentation\widgets\draggableWidget.dart", "Dart", 0, 0, 0, 35, 0, 0, 0, 0, 0, 0, 2, 7, 44
"d:\For Studing\Flutter\helping_hands\lib\Features\auth\presentation\widgets\emailField_forgetpassword.dart", "Dart", 0, 0, 0, 49, 0, 0, 0, 0, 0, 0, 4, 8, 61
"d:\For Studing\Flutter\helping_hands\lib\Features\auth\presentation\widgets\email_textfield.dart", "Dart", 0, 0, 0, 41, 0, 0, 0, 0, 0, 0, 2, 6, 49
"d:\For Studing\Flutter\helping_hands\lib\Features\auth\presentation\widgets\email_textfield_register.dart", "Dart", 0, 0, 0, 42, 0, 0, 0, 0, 0, 0, 2, 7, 51
"d:\For Studing\Flutter\helping_hands\lib\Features\auth\presentation\widgets\forgetPasswordColumn.dart", "Dart", 0, 0, 0, 17, 0, 0, 0, 0, 0, 0, 0, 3, 20
"d:\For Studing\Flutter\helping_hands\lib\Features\auth\presentation\widgets\go_to_signUp.dart", "Dart", 0, 0, 0, 29, 0, 0, 0, 0, 0, 0, 1, 3, 33
"d:\For Studing\Flutter\helping_hands\lib\Features\auth\presentation\widgets\register_button.dart", "Dart", 0, 0, 0, 27, 0, 0, 0, 0, 0, 0, 1, 4, 32
"d:\For Studing\Flutter\helping_hands\lib\Features\auth\presentation\widgets\signIn_button.dart", "Dart", 0, 0, 0, 27, 0, 0, 0, 0, 0, 0, 1, 4, 32
"d:\For Studing\Flutter\helping_hands\lib\Features\auth\presentation\widgets\widget1.dart", "Dart", 0, 0, 0, 58, 0, 0, 0, 0, 0, 0, 0, 2, 60
"d:\For Studing\Flutter\helping_hands\lib\Features\chat\presentation\ChatPage.dart", "Dart", 0, 0, 0, 100, 0, 0, 0, 0, 0, 0, 3, 6, 109
"d:\For Studing\Flutter\helping_hands\lib\Features\chat\presentation\manager\chatCuibt.dart", "Dart", 0, 0, 0, 88, 0, 0, 0, 0, 0, 0, 9, 14, 111
"d:\For Studing\Flutter\helping_hands\lib\Features\chat\presentation\manager\chatStates.dart", "Dart", 0, 0, 0, 21, 0, 0, 0, 0, 0, 0, 0, 9, 30
"d:\For Studing\Flutter\helping_hands\lib\Features\chat\presentation\widgets\chat_app_bar.dart", "Dart", 0, 0, 0, 0, 0, 0, 0, 0, 0, 0, 0, 2, 2
"d:\For Studing\Flutter\helping_hands\lib\Features\chat\presentation\widgets\chat_list_view.dart", "Dart", 0, 0, 0, 34, 0, 0, 0, 0, 0, 0, 0, 5, 39
"d:\For Studing\Flutter\helping_hands\lib\Features\chat\presentation\widgets\delete_chat.dart", "Dart", 0, 0, 0, 17, 0, 0, 0, 0, 0, 0, 0, 3, 20
"d:\For Studing\Flutter\helping_hands\lib\Features\findContact\data\find_contact_imp.dart", "Dart", 0, 0, 0, 124, 0, 0, 0, 0, 0, 0, 12, 17, 153
"d:\For Studing\Flutter\helping_hands\lib\Features\findContact\presentation\Location_on_map.dart", "Dart", 0, 0, 0, 30, 0, 0, 0, 0, 0, 0, 0, 2, 32
"d:\For Studing\Flutter\helping_hands\lib\Features\findContact\presentation\contacts_location.dart", "Dart", 0, 0, 0, 41, 0, 0, 0, 0, 0, 0, 0, 4, 45
"d:\For Studing\Flutter\helping_hands\lib\Features\findContact\presentation\manager\contact_location\contact_location_cubit.dart", "Dart", 0, 0, 0, 55, 0, 0, 0, 0, 0, 0, 0, 6, 61
"d:\For Studing\Flutter\helping_hands\lib\Features\findContact\presentation\manager\contact_location\contact_location_state.dart", "Dart", 0, 0, 0, 26, 0, 0, 0, 0, 0, 0, 2, 10, 38
"d:\For Studing\Flutter\helping_hands\lib\Features\findContact\presentation\widgets\app_bar_data.dart", "Dart", 0, 0, 0, 29, 0, 0, 0, 0, 0, 0, 0, 4, 33
"d:\For Studing\Flutter\helping_hands\lib\Features\findContact\presentation\widgets\app_bar_image.dart", "Dart", 0, 0, 0, 32, 0, 0, 0, 0, 0, 0, 0, 4, 36
"d:\For Studing\Flutter\helping_hands\lib\Features\findContact\presentation\widgets\contact_location_model.dart", "Dart", 0, 0, 0, 62, 0, 0, 0, 0, 0, 0, 1, 4, 67
"d:\For Studing\Flutter\helping_hands\lib\Features\findContact\presentation\widgets\contacts_list_view.dart", "Dart", 0, 0, 0, 24, 0, 0, 0, 0, 0, 0, 1, 2, 27
"d:\For Studing\Flutter\helping_hands\lib\Features\findContact\presentation\widgets\live_location_bar.dart", "Dart", 0, 0, 0, 37, 0, 0, 0, 0, 0, 0, 0, 3, 40
"d:\For Studing\Flutter\helping_hands\lib\Features\findContact\presentation\widgets\location_list_body.dart", "Dart", 0, 0, 0, 31, 0, 0, 0, 0, 0, 0, 1, 2, 34
"d:\For Studing\Flutter\helping_hands\lib\Features\findContact\presentation\widgets\location_onMap_body.dart", "Dart", 0, 0, 0, 37, 0, 0, 0, 0, 0, 0, 1, 3, 41
"d:\For Studing\Flutter\helping_hands\lib\Features\maps\data\map_imp.dart", "Dart", 0, 0, 0, 70, 0, 0, 0, 0, 0, 0, 1, 9, 80
"d:\For Studing\Flutter\helping_hands\lib\Features\maps\presentation\manager\Searchdir\location_Cubit.dart", "Dart", 0, 0, 0, 43, 0, 0, 0, 0, 0, 0, 0, 7, 50
"d:\For Studing\Flutter\helping_hands\lib\Features\maps\presentation\manager\Searchdir\location_state.dart", "Dart", 0, 0, 0, 39, 0, 0, 0, 0, 0, 0, 0, 14, 53
"d:\For Studing\Flutter\helping_hands\lib\Features\maps\presentation\maps.dart", "Dart", 0, 0, 0, 9, 0, 0, 0, 0, 0, 0, 0, 3, 12
"d:\For Studing\Flutter\helping_hands\lib\Features\maps\presentation\widgets\mapBody.dart", "Dart", 0, 0, 0, 125, 0, 0, 0, 0, 0, 0, 0, 5, 130
"d:\For Studing\Flutter\helping_hands\lib\Features\maps\presentation\widgets\map_search_field.dart", "Dart", 0, 0, 0, 42, 0, 0, 0, 0, 0, 0, 0, 4, 46
"d:\For Studing\Flutter\helping_hands\lib\Features\maps\presentation\widgets\search_result.dart", "Dart", 0, 0, 0, 35, 0, 0, 0, 0, 0, 0, 0, 4, 39
"d:\For Studing\Flutter\helping_hands\lib\Features\maps\presentation\widgets\search_result_model.dart", "Dart", 0, 0, 0, 43, 0, 0, 0, 0, 0, 0, 0, 3, 46
"d:\For Studing\Flutter\helping_hands\lib\core\constants.dart", "Dart", 0, 0, 0, 24, 0, 0, 0, 0, 0, 0, 1, 3, 28
"d:\For Studing\Flutter\helping_hands\lib\core\utils\Language_manager.dart", "Dart", 0, 0, 0, 14, 0, 0, 0, 0, 0, 0, 0, 4, 18
"d:\For Studing\Flutter\helping_hands\lib\core\utils\Location_last_update.dart", "Dart", 0, 0, 0, 11, 0, 0, 0, 0, 0, 0, 0, 2, 13
"d:\For Studing\Flutter\helping_hands\lib\core\utils\Navigator.dart", "Dart", 0, 0, 0, 17, 0, 0, 0, 0, 0, 0, 3, 3, 23
"d:\For Studing\Flutter\helping_hands\lib\core\utils\animations.dart", "Dart", 0, 0, 0, 0, 0, 0, 0, 0, 0, 0, 0, 1, 1
"d:\For Studing\Flutter\helping_hands\lib\core\utils\dragNavigator.dart", "Dart", 0, 0, 0, 15, 0, 0, 0, 0, 0, 0, 4, 3, 22
"d:\For Studing\Flutter\helping_hands\lib\core\utils\theme.dart", "Dart", 0, 0, 0, 29, 0, 0, 0, 0, 0, 0, 0, 3, 32
"d:\For Studing\Flutter\helping_hands\lib\core\widgets\ShowSnackBar.dart", "Dart", 0, 0, 0, 10, 0, 0, 0, 0, 0, 0, 0, 2, 12
"d:\For Studing\Flutter\helping_hands\lib\firebase_options.dart", "Dart", 0, 0, 0, 66, 0, 0, 0, 0, 0, 0, 12, 6, 84
"d:\For Studing\Flutter\helping_hands\lib\generated\intl\messages_all.dart", "Dart", 0, 0, 0, 48, 0, 0, 0, 0, 0, 0, 10, 10, 68
"d:\For Studing\Flutter\helping_hands\lib\generated\intl\messages_ar.dart", "Dart", 0, 0, 0, 44, 0, 0, 0, 0, 0, 0, 10, 7, 61
"d:\For Studing\Flutter\helping_hands\lib\generated\intl\messages_en.dart", "Dart", 0, 0, 0, 42, 0, 0, 0, 0, 0, 0, 10, 7, 59
"d:\For Studing\Flutter\helping_hands\lib\generated\l10n.dart", "Dart", 0, 0, 0, 241, 0, 0, 0, 0, 0, 0, 31, 38, 310
"d:\For Studing\Flutter\helping_hands\lib\l10n\intl_ar.arb", "JSON", 0, 25, 0, 0, 0, 0, 0, 0, 0, 0, 0, 3, 28
"d:\For Studing\Flutter\helping_hands\lib\l10n\intl_en.arb", "JSON", 0, 25, 0, 0, 0, 0, 0, 0, 0, 0, 0, 2, 27
"d:\For Studing\Flutter\helping_hands\lib\language_theme_cubit\language_cubit_cubit.dart", "Dart", 0, 0, 0, 42, 0, 0, 0, 0, 0, 0, 0, 6, 48
"d:\For Studing\Flutter\helping_hands\lib\language_theme_cubit\language_cubit_state.dart", "Dart", 0, 0, 0, 10, 0, 0, 0, 0, 0, 0, 0, 6, 16
"d:\For Studing\Flutter\helping_hands\lib\main.dart", "Dart", 0, 0, 0, 96, 0, 0, 0, 0, 0, 0, 1, 11, 108
"d:\For Studing\Flutter\helping_hands\lib\material_app.dart", "Dart", 0, 0, 0, 42, 0, 0, 0, 0, 0, 0, 16, 4, 62
"d:\For Studing\Flutter\helping_hands\linux\flutter\generated_plugin_registrant.cc", "C++", 27, 0, 0, 0, 0, 0, 0, 0, 0, 0, 4, 5, 36
"d:\For Studing\Flutter\helping_hands\linux\flutter\generated_plugin_registrant.h", "C++", 5, 0, 0, 0, 0, 0, 0, 0, 0, 0, 5, 6, 16
"d:\For Studing\Flutter\helping_hands\linux\main.cc", "C++", 5, 0, 0, 0, 0, 0, 0, 0, 0, 0, 0, 2, 7
"d:\For Studing\Flutter\helping_hands\linux\my_application.cc", "C++", 74, 0, 0, 0, 0, 0, 0, 0, 0, 0, 11, 20, 105
"d:\For Studing\Flutter\helping_hands\linux\my_application.h", "C++", 7, 0, 0, 0, 0, 0, 0, 0, 0, 0, 7, 5, 19
"d:\For Studing\Flutter\helping_hands\macos\Flutter\GeneratedPluginRegistrant.swift", "Swift", 0, 0, 0, 0, 0, 34, 0, 0, 0, 0, 3, 4, 41
"d:\For Studing\Flutter\helping_hands\macos\RunnerTests\RunnerTests.swift", "Swift", 0, 0, 0, 0, 0, 7, 0, 0, 0, 0, 2, 4, 13
"d:\For Studing\Flutter\helping_hands\macos\Runner\AppDelegate.swift", "Swift", 0, 0, 0, 0, 0, 8, 0, 0, 0, 0, 0, 2, 10
"d:\For Studing\Flutter\helping_hands\macos\Runner\Assets.xcassets\AppIcon.appiconset\Contents.json", "JSON", 0, 68, 0, 0, 0, 0, 0, 0, 0, 0, 0, 1, 69
"d:\For Studing\Flutter\helping_hands\macos\Runner\Base.lproj\MainMenu.xib", "XML", 0, 0, 0, 0, 0, 0, 0, 343, 0, 0, 0, 1, 344
"d:\For Studing\Flutter\helping_hands\macos\Runner\MainFlutterWindow.swift", "Swift", 0, 0, 0, 0, 0, 12, 0, 0, 0, 0, 0, 4, 16
"d:\For Studing\Flutter\helping_hands\macos\firebase_app_id_file.json", "JSON", 0, 7, 0, 0, 0, 0, 0, 0, 0, 0, 0, 0, 7
"d:\For Studing\Flutter\helping_hands\pubspec.yaml", "YAML", 0, 0, 0, 0, 63, 0, 0, 0, 0, 0, 53, 10, 126
"d:\For Studing\Flutter\helping_hands\test\widget_test.dart", "Dart", 0, 0, 0, 14, 0, 0, 0, 0, 0, 0, 10, 6, 30
"d:\For Studing\Flutter\helping_hands\web\index.html", "HTML", 0, 0, 0, 0, 0, 0, 38, 0, 0, 0, 16, 6, 60
"d:\For Studing\Flutter\helping_hands\web\manifest.json", "JSON", 0, 35, 0, 0, 0, 0, 0, 0, 0, 0, 0, 1, 36
"d:\For Studing\Flutter\helping_hands\windows\flutter\generated_plugin_registrant.cc", "C++", 36, 0, 0, 0, 0, 0, 0, 0, 0, 0, 4, 5, 45
"d:\For Studing\Flutter\helping_hands\windows\flutter\generated_plugin_registrant.h", "C++", 5, 0, 0, 0, 0, 0, 0, 0, 0, 0, 5, 6, 16
"d:\For Studing\Flutter\helping_hands\windows\runner\flutter_window.cpp", "C++", 49, 0, 0, 0, 0, 0, 0, 0, 0, 0, 7, 16, 72
"d:\For Studing\Flutter\helping_hands\windows\runner\flutter_window.h", "C++", 20, 0, 0, 0, 0, 0, 0, 0, 0, 0, 5, 9, 34
"d:\For Studing\Flutter\helping_hands\windows\runner\main.cpp", "C++", 30, 0, 0, 0, 0, 0, 0, 0, 0, 0, 4, 10, 44
"d:\For Studing\Flutter\helping_hands\windows\runner\resource.h", "C++", 9, 0, 0, 0, 0, 0, 0, 0, 0, 0, 6, 2, 17
"d:\For Studing\Flutter\helping_hands\windows\runner\utils.cpp", "C++", 54, 0, 0, 0, 0, 0, 0, 0, 0, 0, 2, 10, 66
"d:\For Studing\Flutter\helping_hands\windows\runner\utils.h", "C++", 8, 0, 0, 0, 0, 0, 0, 0, 0, 0, 6, 6, 20
"d:\For Studing\Flutter\helping_hands\windows\runner\win32_window.cpp", "C++", 210, 0, 0, 0, 0, 0, 0, 0, 0, 0, 24, 55, 289
"d:\For Studing\Flutter\helping_hands\windows\runner\win32_window.h", "C++", 48, 0, 0, 0, 0, 0, 0, 0, 0, 0, 31, 24, 103
"Total", "-", 588, 351, 13, 7264, 67, 80, 38, 488, 95, 8, 587, 1273, 10852